<?xml version="1.0" encoding="utf-8"?>
<!DOCTYPE hibernate-configuration SYSTEM "http://www.hibernate.org/dtd/hibernate-configuration-3.0.dtd">
<hibernate-configuration>
    <session-factory>
		<property name="hibernate.connection.driver_class">com.mysql.jdbc.Driver</property>
		<property name="hibernate.connection.url">jdbc:mysql://localhost:3306/crud?useSSL=false</property>
		<property name="hibernate.connection.username">admin</property>
		<property name="hibernate.connection.password">admin</property>
		<property name="hibernate.dialect">org.hibernate.dialect.MySQL5Dialect</property>
		<property name="show_sql">true</property>
		<property name="hibernate.hbm2ddl.auto">update</property>
<!--	List of XML mapping files-->
<!--		<mapping resource="User.hbm.xml"/>-->
	<mapping class="model.User"></mapping>
	</session-factory>
</hibernate-configuration>
