<!--<?xml version="1.0" encoding="utf-8"?>-->
<!--<!DOCTYPE hibernate-mapping PUBLIC-->
<!--		"-//Hibernate/Hibernate Mapping DTD//EN"-->
<!--		"http://www.hibernate.org/dtd/hibernate-mapping-3.0.dtd">-->
<!--<hibernate-mapping>-->
<!--	<class name="model.User" table="users">-->
<!--		<meta attribute="class-description">This class contains developer's details.</meta>-->
<!--		<id name="users_id" type="long" column="users_id">-->
<!--			<generator class="native"/>-->
<!--		</id>-->
<!--		<property name="name"	  column="name"		type="string" />-->
<!--		<property name="login"	  column="login"	type="string" />-->
<!--		<property name="password" column="password" type="string" />-->
<!--	</class>-->
<!--</hibernate-mapping>-->
